Code;Population;
SK0101528595;46929;
SK0102529311;23465;
SK0102529320;81741;
SK0102529338;20407;
SK0103529346;44876;
SK0103529354;26049;
SK0103529362;6043;
SK0104529371;17112;
SK0104529389;35759;
SK0104529397;35078;
SK0104529401;2024;
SK0104529419;7786;
SK0104529427;7305;
SK0105529435;1751;
SK0105529443;2923;
SK0105529460;113215;
SK0105529494;4459;
SK0106500267;138;
SK0106504556;1739;
SK0106504629;722;
SK0106504637;739;
SK0106504769;3564;
SK0106504858;1667;
SK0106504874;1720;
SK0106504947;3735;
SK0106504980;2992;
SK0106507831;902;
SK0106507890;3171;
SK0106507954;1411;
SK0106507962;1771;
SK0106508012;2169;
SK0106508021;1786;
SK0106508039;2150;
SK0106508055;3184;
SK0106508063;18805;
SK0106508080;2296;
SK0106508161;914;
SK0106508195;2573;
SK0106508233;12685;
SK0106508241;685;
SK0106508349;2236;
SK0106508365;1859;
SK0106508381;3652;
SK0107507806;1861;
SK0107507849;2489;
SK0107507857;2400;
SK0107507873;1084;
SK0107507881;1158;
SK0107507946;1015;
SK0107507989;5945;
SK0107508047;2394;
SK0107508101;9273;
SK0107508179;24617;
SK0107508187;363;
SK0107508225;5766;
SK0107508250;5301;
SK0107508268;396;
SK0107508306;2791;
SK0107508314;1546;
SK0107508322;1387;
SK0108503681;516;
SK0108503797;1593;
SK0108503801;1082;
SK0108503819;642;
SK0108503851;841;
SK0108503894;2323;
SK0108503983;1709;
SK0108507814;9548;
SK0108507822;1819;
SK0108507865;1196;
SK0108507903;2805;
SK0108507911;7416;
SK0108507938;7179;
SK0108507997;1504;
SK0108508071;4051;
SK0108508098;5323;
SK0108508110;4228;
SK0108508136;3434;
SK0108508209;5808;
SK0108508217;20115;
SK0108508276;2787;
SK0108508284;1246;
SK0108508292;3051;
SK0108508331;420;
SK0108545333;7896;
SK0108555487;573;
SK0108555495;945;
SK0108555509;2250;
SK0108582549;97;
SK0211501433;22892;
SK0211501441;559;
SK0211501450;1143;
SK0211501468;733;
SK0211501484;385;
SK0211501492;977;
SK0211501506;359;
SK0211501514;629;
SK0211501522;8301;
SK0211501531;1144;
SK0211501549;518;
SK0211501557;954;
SK0211501573;5262;
SK0211501581;2149;
SK0211501590;2180;
SK0211501603;1286;
SK0211501611;1903;
SK0211501620;646;
SK0211501638;3060;
SK0211501654;1634;
SK0211501662;943;
SK0211501671;486;
SK0211501689;350;
SK0211501697;1457;
SK0211501701;1121;
SK0211501719;1499;
SK0211501727;1907;
SK0211501735;3154;
SK0211501743;707;
SK0211501760;526;
SK0211501778;447;
SK0211501786;1069;
SK0211501808;2309;
SK0211501816;1366;
SK0211501824;3678;
SK0211501832;590;
SK0211501859;1699;
SK0211501867;891;
SK0211501875;505;
SK0211501883;814;
SK0211501891;1096;
SK0211501905;13566;
SK0211501913;1710;
SK0211501921;3170;
SK0211501930;642;
SK0211501956;531;
SK0211501964;577;
SK0211501972;1023;
SK0211501981;1593;
SK0211501999;437;
SK0211502006;2884;
SK0211502014;1819;
SK0211502022;3604;
SK0211503461;289;
SK0211555517;356;
SK0211555541;826;
SK0211555568;893;
SK0211555576;2209;
SK0211555606;463;
SK0211555649;573;
SK0211555665;1182;
SK0211555673;1366;
SK0211555720;970;
SK0211555746;424;
SK0211580554;1108;
SK0211580597;246;
SK0211582522;289;
SK0212503665;15277;
SK0212503673;1127;
SK0212503690;1422;
SK0212503703;1606;
SK0212503746;2031;
SK0212503754;337;
SK0212503762;893;
SK0212503771;3177;
SK0212503789;435;
SK0212503827;507;
SK0212503835;4010;
SK0212503843;1556;
SK0212503860;1864;
SK0212503878;1046;
SK0212503924;1552;
SK0212503959;3253;
SK0212503967;604;
SK0212503975;1831;
SK0212504009;15290;
SK0212504017;5415;
SK0212504033;464;
SK0212504041;1725;
SK0212504050;4105;
SK0212504076;1767;
SK0212504084;827;
SK0212504106;3871;
SK0212504114;2059;
SK0212504122;2573;
SK0212504131;4855;
SK0212504149;1457;
SK0212504157;1684;
SK0212504173;1113;
SK0212504181;851;
SK0212555754;2271;
SK0212555789;1723;
SK0212582638;599;
SK0213506800;1420;
SK0213506885;1692;
SK0213506958;392;
SK0213506966;594;
SK0213507024;2003;
SK0213507032;19992;
SK0213507075;888;
SK0213507130;488;
SK0213507172;1142;
SK0213507202;812;
SK0213507253;3946;
SK0213507288;2321;
SK0213507326;442;
SK0213507415;960;
SK0213507521;852;
SK0213507539;667;
SK0213507661;1556;
SK0213507792;643;
SK0213518620;348;
SK0213556521;600;
SK0213556530;701;
SK0213556602;580;
SK0213556611;121;
SK0213556645;312;
SK0214506834;1174;
SK0214506982;970;
SK0214506991;2602;
SK0214507008;1073;
SK0214507121;2533;
SK0214507199;505;
SK0214507229;1432;
SK0214507342;2465;
SK0214507369;538;
SK0214507385;1217;
SK0214507431;566;
SK0214507440;27057;
SK0214507466;812;
SK0214507482;626;
SK0214507491;1089;
SK0214507563;1395;
SK0214507679;1351;
SK0214507709;2792;
SK0214507725;1244;
SK0214507750;5637;
SK0214556548;474;
SK0214556572;1032;
SK0214556581;515;
SK0214558338;464;
SK0214558354;332;
SK0214558397;301;
SK0214581399;2157;
SK0215504203;19430;
SK0215504211;194;
SK0215504220;1602;
SK0215504238;4005;
SK0215504297;1098;
SK0215504319;1287;
SK0215504327;561;
SK0215504335;1344;
SK0215504360;1016;
SK0215504386;658;
SK0215504416;2229;
SK0215504475;698;
SK0215504491;775;
SK0215504513;4021;
SK0215504521;1127;
SK0215504572;2131;
SK0215504602;615;
SK0215504645;615;
SK0215504653;622;
SK0215504700;735;
SK0215504726;942;
SK0215504777;440;
SK0215504823;906;
SK0215504831;574;
SK0215504840;1477;
SK0215504882;1078;
SK0215504891;4882;
SK0215504904;1618;
SK0215556114;1738;
SK0215556122;387;
SK0215556131;421;
SK0216504271;2284;
SK0216504343;621;
SK0216504351;4885;
SK0216504378;11024;
SK0216504394;376;
SK0216504432;621;
SK0216504459;2550;
SK0216504483;137;
SK0216504530;502;
SK0216504548;332;
SK0216504564;715;
SK0216504599;394;
SK0216504611;1068;
SK0216504670;981;
SK0216504718;546;
SK0216504734;503;
SK0216504742;1753;
SK0216504815;15471;
SK0216504912;288;
SK0216504939;1192;
SK0216504963;829;
SK0217506745;62806;
SK0217506788;654;
SK0217506796;1512;
SK0217506818;2352;
SK0217506826;467;
SK0217506842;2585;
SK0217506851;2388;
SK0217506869;663;
SK0217506877;4724;
SK0217506893;1754;
SK0217506915;790;
SK0217506923;2455;
SK0217506931;761;
SK0217506940;1411;
SK0217507041;492;
SK0217507059;358;
SK0217507067;1949;
SK0217507156;2389;
SK0217507164;1149;
SK0217507211;846;
SK0217507296;2210;
SK0217507318;1560;
SK0217507351;395;
SK0217507512;1734;
SK0217507555;3262;
SK0217507571;2281;
SK0217507601;3377;
SK0217507636;2220;
SK0217507687;1375;
SK0217507741;1718;
SK0217507768;2492;
SK0217507776;2632;
SK0217556483;1766;
SK0217556491;1290;
SK0217556513;1376;
SK0217556556;539;
SK0217556564;546;
SK0217556599;426;
SK0217556653;403;
SK0217556661;803;
SK0217556670;911;
SK0217556688;614;
SK0217580473;2511;
SK0217581020;2244;
SK0217581488;1005;
SK0221505056;180;
SK0221505072;400;
SK0221505102;400;
SK0221505153;294;
SK0221505200;438;
SK0221505277;40;
SK0221505331;539;
SK0221505358;959;
SK0221505382;359;
SK0221505412;637;
SK0221505447;511;
SK0221505455;1526;
SK0221505471;461;
SK0221505480;204;
SK0221505544;148;
SK0221505552;484;
SK0221505579;485;
SK0221505595;36;
SK0221505625;1522;
SK0221505633;42;
SK0221505684;541;
SK0221505692;499;
SK0221505765;108;
SK0221505790;688;
SK0221505811;442;
SK0221542652;16614;
SK0221542741;510;
SK0221542776;106;
SK0221542806;112;
SK0221542822;1101;
SK0221542849;598;
SK0221542857;123;
SK0221542873;489;
SK0221542890;360;
SK0221542920;523;
SK0221543080;484;
SK0221543136;482;
SK0221545651;664;
SK0221556289;387;
SK0221556360;142;
SK0221556408;226;
SK0221556742;269;
SK0221556793;267;
SK0222512885;1555;
SK0222512931;642;
SK0222513016;22023;
SK0222513024;902;
SK0222513091;1109;
SK0222513156;5568;
SK0222513253;2788;
SK0222513296;2483;
SK0222513351;1047;
SK0222513385;1037;
SK0222513440;10470;
SK0222513598;2306;
SK0222513725;847;
SK0222513865;568;
SK0222557391;741;
SK0222557404;551;
SK0222557412;427;
SK0222557421;854;
SK0222557617;218;
SK0222557625;222;
SK0222582301;771;
SK0223504254;980;
SK0223504262;4657;
SK0223504289;421;
SK0223504408;336;
SK0223504424;465;
SK0223504467;419;
SK0223504581;10705;
SK0223504661;403;
SK0223504688;701;
SK0223504696;357;
SK0223504793;839;
SK0223504866;747;
SK0223504971;1413;
SK0223506079;478;
SK0223506141;622;
SK0223506150;1401;
SK0223506419;249;
SK0224505846;1473;
SK0224505871;1344;
SK0224505889;611;
SK0224505897;2018;
SK0224505901;3653;
SK0224505919;1685;
SK0224505951;987;
SK0224505994;783;
SK0224506001;1404;
SK0224506052;766;
SK0224506061;654;
SK0224506109;1007;
SK0224506125;1735;
SK0224506184;1461;
SK0224506206;721;
SK0224506249;473;
SK0224506257;204;
SK0224506265;2501;
SK0224506303;1023;
SK0224506311;199;
SK0224506338;19355;
SK0224506346;475;
SK0224506401;1138;
SK0224506427;1896;
SK0224506435;710;
SK0224506443;1245;
SK0224506516;169;
SK0224506524;8486;
SK0224506583;947;
SK0224506630;714;
SK0224506672;168;
SK0224556424;81;
SK0224556441;764;
SK0224556459;557;
SK0225505129;519;
SK0225505170;591;
SK0225505196;619;
SK0225505307;786;
SK0225505315;20871;
SK0225505323;503;
SK0225505463;1327;
SK0225505706;598;
SK0225505722;1993;
SK0225505731;862;
SK0225505803;1709;
SK0225542733;4000;
SK0225542962;1001;
SK0225543004;2680;
SK0225543047;1590;
SK0225543055;882;
SK0225556173;117;
SK0225556190;276;
SK0225556246;525;
SK0225556271;136;
SK0225556416;497;
SK0225580449;878;
SK0225580953;839;
SK0226512842;37706;
SK0226512915;1182;
SK0226512966;1429;
SK0226513008;1641;
SK0226513083;574;
SK0226513172;1234;
SK0226513245;262;
SK0226513466;2416;
SK0226513474;1672;
SK0226513563;1551;
SK0226513601;2083;
SK0226513687;688;
SK0226513741;2200;
SK0226513784;243;
SK0226513822;212;
SK0226518913;1371;
SK0226546640;820;
SK0226557480;491;
SK0226557510;626;
SK0226557552;339;
SK0226557561;150;
SK0226557579;488;
SK0226557595;154;
SK0226557609;151;
SK0226557633;480;
SK0226558222;144;
SK0226580856;454;
SK0226580864;147;
SK0227513881;43645;
SK0227513903;5035;
SK0227513911;1765;
SK0227513920;1265;
SK0227513938;495;
SK0227513946;1740;
SK0227513954;1773;
SK0227513962;1777;
SK0227513971;154;
SK0227513989;2428;
SK0227513997;15780;
SK0227514004;1074;
SK0227514012;617;
SK0227514021;1398;
SK0227514039;228;
SK0227514063;1754;
SK0227514071;3910;
SK0227514080;1054;
SK0227514098;531;
SK0227514101;516;
SK0227514110;1011;
SK0227514128;1754;
SK0227514136;3762;
SK0227514144;1165;
SK0227514179;720;
SK0227514187;1015;
SK0227514209;2074;
SK0227514217;297;
SK0227514225;3121;
SK0227514233;1899;
SK0227514241;1199;
SK0227514250;1156;
SK0227514268;4145;
SK0227514284;1535;
SK0227514292;2366;
SK0227514306;294;
SK0227514314;534;
SK0227514322;1377;
SK0227514331;1302;
SK0227514349;573;
SK0227514357;1250;
SK0227514365;745;
SK0227514373;1702;
SK0227514381;399;
SK0227514390;448;
SK0227514403;202;
SK0227514411;1218;
SK0227514420;1975;
SK0227514438;538;
SK0227514454;1727;
SK0227557706;590;
SK0227557714;573;
SK0228500348;840;
SK0228512851;6169;
SK0228512940;1896;
SK0228512958;1062;
SK0228513121;889;
SK0228513300;1215;
SK0228513318;919;
SK0228513326;3893;
SK0228513334;907;
SK0228513342;2016;
SK0228513377;502;
SK0228513407;423;
SK0228513610;17068;
SK0228513776;985;
SK0228513814;693;
SK0228557439;1181;
SK0228557447;734;
SK0228557471;1087;
SK0228557498;266;
SK0228557501;650;
SK0228557692;505;
SK0229505820;54107;
SK0229505838;874;
SK0229505854;730;
SK0229505935;778;
SK0229505943;3074;
SK0229505960;2198;
SK0229505978;1015;
SK0229506010;3294;
SK0229506028;425;
SK0229506036;2691;
SK0229506044;434;
SK0229506087;1670;
SK0229506095;1054;
SK0229506133;675;
SK0229506168;358;
SK0229506231;1236;
SK0229506273;779;
SK0229506281;6292;
SK0229506290;785;
SK0229506354;1869;
SK0229506371;432;
SK0229506478;1008;
SK0229506508;2401;
SK0229506532;1610;
SK0229506541;478;
SK0229506559;4177;
SK0229506567;3576;
SK0229506591;1328;
SK0229506605;834;
SK0229506613;3955;
SK0229506648;761;
SK0229506656;709;
SK0229545686;1700;
SK0229545741;3434;
SK0229546682;1215;
SK0229556475;1181;
SK0229581348;197;
SK0231501026;32287;
SK0231501034;1246;
SK0231501042;384;
SK0231501069;496;
SK0231501077;1118;
SK0231501085;1111;
SK0231501093;1202;
SK0231501107;425;
SK0231501115;2712;
SK0231501123;1623;
SK0231501140;7314;
SK0231501158;1399;
SK0231501166;1972;
SK0231501174;1802;
SK0231501182;1894;
SK0231501191;434;
SK0231501204;10470;
SK0231501212;715;
SK0231501221;144;
SK0231501239;3778;
SK0231501247;701;
SK0231501255;1136;
SK0231501263;1281;
SK0231501271;125;
SK0231501280;5037;
SK0231501301;1462;
SK0231501310;537;
SK0231501328;2671;
SK0231501336;708;
SK0231501344;1215;
SK0231501352;493;
SK0231501361;715;
SK0231501379;674;
SK0231501387;955;
SK0231501395;3272;
SK0231501409;531;
SK0231501417;2281;
SK0231501425;2407;
SK0231555819;178;
SK0231555827;331;
SK0231580911;459;
SK0232502031;31081;
SK0232502049;331;
SK0232502057;1186;
SK0232502065;638;
SK0232502073;214;
SK0232502090;323;
SK0232502103;292;
SK0232502111;945;
SK0232502120;725;
SK0232502154;933;
SK0232502162;402;
SK0232502171;562;
SK0232502189;544;
SK0232502197;895;
SK0232502201;242;
SK0232502219;387;
SK0232502227;1337;
SK0232502243;496;
SK0232502251;601;
SK0232502260;572;
SK0232502278;635;
SK0232502286;560;
SK0232502294;270;
SK0232502324;1471;
SK0232502332;1406;
SK0232502341;763;
SK0232502359;230;
SK0232502367;271;
SK0232502375;810;
SK0232502383;212;
SK0232502391;989;
SK0232502413;2069;
SK0232502421;2082;
SK0232502430;813;
SK0232502448;254;
SK0232502456;575;
SK0232502464;456;
SK0232502472;577;
SK0232502481;1061;
SK0232502499;654;
SK0232502502;162;
SK0232502511;472;
SK0232502537;174;
SK0232502570;1003;
SK0232502588;1441;
SK0232502596;929;
SK0232502600;514;
SK0232502618;443;
SK0232502626;495;
SK0232502634;128;
SK0232502642;1482;
SK0232502651;749;
SK0232502669;772;
SK0232502677;1209;
SK0232502693;1773;
SK0232502707;1402;
SK0232502715;650;
SK0232502723;453;
SK0232502731;621;
SK0232502740;318;
SK0232502758;223;
SK0232502766;1526;
SK0232502782;7069;
SK0232502791;363;
SK0232502804;1595;
SK0232502812;483;
SK0232502821;2808;
SK0232502847;359;
SK0232502863;3570;
SK0232502871;564;
SK0232502880;219;
SK0232502898;197;
SK0232502910;1467;
SK0232502928;747;
SK0232502936;1326;
SK0232502944;659;
SK0232502952;171;
SK0232502961;139;
SK0232502979;497;
SK0232502987;6645;
SK0232502995;1213;
SK0232503002;147;
SK0232545350;311;
SK0232555843;1037;
SK0232556777;46;
SK0232580937;158;
SK0232581135;378;
SK0232581160;721;
SK0232581895;290;
SK0233500011;76951;
SK0233500020;1747;
SK0233500046;1219;
SK0233500071;2175;
SK0233500101;1162;
SK0233500135;1079;
SK0233500160;593;
SK0233500194;1142;
SK0233500232;1977;
SK0233500313;557;
SK0233500356;2110;
SK0233500372;2086;
SK0233500381;985;
SK0233500399;180;
SK0233500402;1426;
SK0233500411;1558;
SK0233500453;2405;
SK0233500470;967;
SK0233500488;1172;
SK0233500518;339;
SK0233500534;256;
SK0233500569;537;
SK0233500577;2946;
SK0233500631;1353;
SK0233500640;1305;
SK0233500666;400;
SK0233500674;1144;
SK0233500682;1098;
SK0233500691;641;
SK0233500704;2095;
SK0233500712;852;
SK0233500780;583;
SK0233500798;279;
SK0233500844;713;
SK0233500887;4304;
SK0233500895;1611;
SK0233500917;2061;
SK0233500933;8432;
SK0233500941;2151;
SK0233500950;2239;
SK0233500992;1358;
SK0233501018;411;
SK0233545589;4322;
SK0233545635;847;
SK0233555851;1430;
SK0233555860;2022;
SK0233555886;1242;
SK0233555908;493;
SK0233555959;407;
SK0233555967;414;
SK0233555991;1438;
SK0233556696;2368;
SK0233556785;383;
SK0233558320;3020;
SK0233580899;3245;
SK0233581097;236;
SK0233581623;777;
SK0233581691;336;
SK0233582387;783;
SK0233582425;703;
SK0233582697;401;
SK0233582719;1181;
SK0234503011;36781;
SK0234503029;1751;
SK0234503037;396;
SK0234503045;3603;
SK0234503053;667;
SK0234503061;323;
SK0234503070;1587;
SK0234503088;1410;
SK0234503096;588;
SK0234503100;598;
SK0234503118;285;
SK0234503126;1041;
SK0234503134;650;
SK0234503151;1488;
SK0234503169;1547;
SK0234503177;4968;
SK0234503185;2072;
SK0234503193;1204;
SK0234503207;684;
SK0234503215;1139;
SK0234503223;721;
SK0234503231;1255;
SK0234503240;1466;
SK0234503258;1036;
SK0234503266;817;
SK0234503274;1242;
SK0234503282;4210;
SK0234503291;945;
SK0234503312;326;
SK0234503321;1537;
SK0234503339;405;
SK0234503347;396;
SK0234503355;361;
SK0234503363;1978;
SK0234503371;673;
SK0234503380;2988;
SK0234503398;1323;
SK0234503401;1871;
SK0234503436;663;
SK0234503452;4243;
SK0234503479;1064;
SK0234503487;452;
SK0234503495;740;
SK0234503509;958;
SK0234503517;905;
SK0234503525;973;
SK0234503533;1320;
SK0234503541;433;
SK0234503550;1901;
SK0234503568;2374;
SK0234503576;388;
SK0234503584;9440;
SK0234503592;9326;
SK0234503606;1023;
SK0234503614;5122;
SK0234503631;1756;
SK0234503649;2115;
SK0234556025;322;
SK0234556033;204;
SK0234556050;1533;
SK0234556092;1207;
SK0234582361;1156;
SK0235500241;1330;
SK0235500739;4323;
SK0235503711;2376;
SK0235503720;917;
SK0235503886;1852;
SK0235503932;3177;
SK0235503991;2847;
SK0235504025;20552;
SK0235504068;3667;
SK0235504092;2773;
SK0235504165;3136;
SK0235504190;1848;
SK0235555878;1886;
SK0236504998;24415;
SK0236505021;315;
SK0236505048;1770;
SK0236505064;219;
SK0236505137;554;
SK0236505226;316;
SK0236505234;1242;
SK0236505242;741;
SK0236505251;330;
SK0236505285;837;
SK0236505340;282;
SK0236505374;1982;
SK0236505404;1490;
SK0236505421;1853;
SK0236505439;539;
SK0236505498;2530;
SK0236505510;544;
SK0236505536;504;
SK0236505561;697;
SK0236505617;472;
SK0236505641;1397;
SK0236505676;728;
SK0236505714;2083;
SK0236505749;542;
SK0236505757;340;
SK0236505773;575;
SK0236542661;375;
SK0236542695;244;
SK0236542709;331;
SK0236542717;1996;
SK0236542792;361;
SK0236542881;335;
SK0236542938;1461;
SK0236542954;655;
SK0236542971;1081;
SK0236543039;607;
SK0236543063;666;
SK0236543071;1539;
SK0236543101;1376;
SK0236543110;285;
SK0236556149;1731;
SK0236556157;1784;
SK0236556165;914;
SK0236556211;325;
SK0236556220;220;
SK0236556238;188;
SK0236556262;802;
SK0236556297;477;
SK0236556327;260;
SK0236556351;356;
SK0236580457;1509;
SK0236581305;959;
SK0236581658;997;
SK0236581704;762;
SK0237500062;1708;
SK0237500127;535;
SK0237500151;1176;
SK0237500283;1182;
SK0237500305;743;
SK0237500321;485;
SK0237500364;883;
SK0237500429;340;
SK0237500437;745;
SK0237500461;708;
SK0237500500;1108;
SK0237500542;524;
SK0237500551;548;
SK0237500585;655;
SK0237500593;694;
SK0237500607;559;
SK0237500658;1469;
SK0237500721;934;
SK0237500747;1691;
SK0237500755;788;
SK0237500810;1781;
SK0237500828;2644;
SK0237500836;837;
SK0237500909;448;
SK0237500925;1004;
SK0237500968;11820;
SK0237500976;199;
SK0237500984;541;
SK0237517305;1047;
SK0237555916;431;
SK0237555924;359;
SK0237555932;436;
SK0237582816;1823;
SK031A509604;1397;
SK031A509655;1364;
SK031A509663;1061;
SK031A509795;3065;
SK031A509876;3935;
SK031A509949;753;
SK031A509981;1332;
SK031A510076;1472;
SK031A510084;699;
SK031A510106;7019;
SK031A510114;8812;
SK031A510173;1315;
SK031A510190;942;
SK031A510238;1950;
SK031A518719;667;
SK031B517402;81219;
SK031B517429;3303;
SK031B517470;122;
SK031B517488;2467;
SK031B517496;1018;
SK031B517500;1929;
SK031B517518;1494;
SK031B517526;1667;
SK031B517542;664;
SK031B517551;1542;
SK031B517577;1000;
SK031B517593;876;
SK031B517640;611;
SK031B517658;1862;
SK031B517682;1682;
SK031B517704;650;
SK031B517712;1641;
SK031B517721;1072;
SK031B517739;1667;
SK031B517755;1714;
SK031B517763;749;
SK031B517771;880;
SK031B517780;327;
SK031B517801;1412;
SK031B517828;1069;
SK031B517879;1028;
SK031B517917;5818;
SK031B517925;1226;
SK031B517933;2849;
SK031B517941;3343;
SK031B517950;1918;
SK031B517968;933;
SK031B517976;681;
SK031B517984;2591;
SK031B518000;1665;
SK031B518034;4379;
SK031B518042;3973;
SK031B518051;2105;
SK031B518069;3897;
SK031B518077;377;
SK031B518093;3010;
SK031B518131;871;
SK031B547522;868;
SK031B547557;695;
SK031B547590;344;
SK031B547611;717;
SK031B547620;256;
SK031B557935;1885;
SK031B557960;526;
SK031B557986;1097;
SK031B557994;420;
SK031B558168;386;
SK031B581712;321;
SK0311517461;11448;
SK0311517623;1228;
SK0311517631;892;
SK0311517674;1810;
SK0311517691;2249;
SK0311517798;1056;
SK0311517861;1652;
SK0311517895;1347;
SK0311517992;999;
SK0311518018;3971;
SK0311518085;3621;
SK0311581984;965;
SK0312509132;22730;
SK0312509159;4413;
SK0312509167;624;
SK0312509183;1111;
SK0312509213;2231;
SK0312509221;539;
SK0312509230;1976;
SK0312509248;6563;
SK0312509299;1688;
SK0312509311;2597;
SK0312509337;1908;
SK0312509345;5747;
SK0312509361;1356;
SK0312509396;773;
SK0312509400;5645;
SK0312509451;5242;
SK0312509477;2788;
SK0312509485;2741;
SK0312509493;3378;
SK0312509507;7043;
SK0312509515;2520;
SK0312509523;1702;
SK0312509531;2163;
SK0313509540;17720;
SK0313509639;1429;
SK0313509671;580;
SK0313509698;1612;
SK0313509701;1320;
SK0313509710;435;
SK0313509744;428;
SK0313509761;822;
SK0313509787;302;
SK0313509825;824;
SK0313509833;604;
SK0313509922;1093;
SK0313509957;1363;
SK0313509965;170;
SK0313509973;980;
SK0313509990;179;
SK0313510009;472;
SK0313510017;893;
SK0313510041;537;
SK0313510165;1519;
SK0313510181;811;
SK0313510211;2496;
SK0313510254;1640;
SK0313580813;584;
SK0314509175;549;
SK0314509205;1718;
SK0314509256;14321;
SK0314509264;2346;
SK0314509272;962;
SK0314509281;447;
SK0314509302;3219;
SK0314509329;1927;
SK0314509370;1163;
SK0314509426;1832;
SK0314509434;388;
SK0314509442;1024;
SK0314509469;1111;
SK0314580791;1545;
SK0315507393;230;
SK0315510262;30162;
SK0315510271;540;
SK0315510319;170;
SK0315510327;1998;
SK0315510335;127;
SK0315510351;109;
SK0315510386;356;
SK0315510408;1210;
SK0315510416;322;
SK0315510424;492;
SK0315510459;148;
SK0315510467;1465;
SK0315510505;364;
SK0315510513;306;
SK0315510521;473;
SK0315510564;599;
SK0315510572;542;
SK0315510581;365;
SK0315510602;103;
SK0315510611;910;
SK0315510653;604;
SK0315510688;85;
SK0315510696;363;
SK0315510700;318;
SK0315510726;7038;
SK0315510734;1076;
SK0315510751;659;
SK0315510777;601;
SK0315510793;1206;
SK0315510831;257;
SK0315510840;116;
SK0315510858;231;
SK0315510874;158;
SK0315510904;1316;
SK0315510912;397;
SK0315510921;283;
SK0315510947;1090;
SK0315510963;1331;
SK0315510971;231;
SK0315511013;697;
SK0315511048;923;
SK0315511072;216;
SK0315511099;576;
SK0315511111;685;
SK0315511129;2361;
SK0315511137;41;
SK0315511145;369;
SK0315511153;631;
SK0315511170;2216;
SK0315511188;110;
SK0315511196;1279;
SK0315511200;468;
SK0315556807;95;
SK0315558281;1235;
SK0315580287;1302;
SK0316512036;51139;
SK0316512052;1230;
SK0316512061;347;
SK0316512079;1092;
SK0316512133;1454;
SK0316512150;556;
SK0316512168;560;
SK0316512206;356;
SK0316512214;1051;
SK0316512257;154;
SK0316512290;198;
SK0316512346;103;
SK0316512354;1791;
SK0316512371;1402;
SK0316512389;1072;
SK0316512397;124;
SK0316512419;160;
SK0316512435;924;
SK0316512478;1014;
SK0316512486;255;
SK0316512508;683;
SK0316512524;1083;
SK0316512541;395;
SK0316512567;207;
SK0316512583;644;
SK0316512591;179;
SK0316512613;433;
SK0316512630;230;
SK0316512648;4772;
SK0316512656;505;
SK0316512664;630;
SK0316512672;287;
SK0316512681;4140;
SK0316512702;972;
SK0316512711;1040;
SK0316512737;165;
SK0316512753;547;
SK0316512761;1797;
SK0316512796;441;
SK0316512818;169;
SK0316512834;1183;
SK0316545961;457;
SK0316557358;7424;
SK0317509558;1443;
SK0317509566;943;
SK0317509582;1983;
SK0317509591;1642;
SK0317509680;3178;
SK0317509728;2531;
SK0317509779;984;
SK0317509809;2453;
SK0317509817;951;
SK0317509850;3164;
SK0317509868;7539;
SK0317509884;3767;
SK0317509892;1961;
SK0317509906;3420;
SK0317509914;3991;
SK0317509931;3060;
SK0317510025;5266;
SK0317510033;2073;
SK0317510050;2181;
SK0317510092;822;
SK0317510149;831;
SK0317510157;1673;
SK0317510203;5623;
SK0317510246;2456;
SK0318507300;713;
SK0318507407;301;
SK0318510301;730;
SK0318510441;1072;
SK0318510530;439;
SK0318510548;1574;
SK0318510599;2926;
SK0318510629;2758;
SK0318510637;1601;
SK0318510661;1344;
SK0318510670;1038;
SK0318510718;1474;
SK0318510742;297;
SK0318510785;2019;
SK0318510807;1062;
SK0318510815;1612;
SK0318510823;998;
SK0318510866;453;
SK0318510955;106;
SK0318510998;26794;
SK0318511005;3755;
SK0318511030;1132;
SK0318511056;899;
SK0318511064;868;
SK0318511102;787;
SK0319512044;179;
SK0319512087;163;
SK0319512095;240;
SK0319512109;153;
SK0319512117;140;
SK0319512125;196;
SK0319512141;81;
SK0319512222;683;
SK0319512265;460;
SK0319512273;1627;
SK0319512303;93;
SK0319512311;128;
SK0319512320;364;
SK0319512338;89;
SK0319512427;58;
SK0319512443;547;
SK0319512451;72;
SK0319512460;1355;
SK0319512494;90;
SK0319512559;215;
SK0319512575;208;
SK0319512605;680;
SK0319512621;882;
SK0319512699;617;
SK0319512729;6248;
SK0319512788;251;
SK032A515850;10647;
SK032A515868;769;
SK032A515876;328;
SK032A515884;110;
SK032A515892;1374;
SK032A515906;1021;
SK032A515914;495;
SK032A515922;426;
SK032A515931;33;
SK032A515949;385;
SK032A515957;455;
SK032A515965;1002;
SK032A515973;604;
SK032A515981;198;
SK032A515990;116;
SK032A516007;113;
SK032A516015;148;
SK032A516023;212;
SK032A516031;251;
SK032A516040;825;
SK032A516058;200;
SK032A516066;126;
SK032A516074;558;
SK032A516082;350;
SK032A516091;257;
SK032A516104;265;
SK032A516112;238;
SK032A516121;577;
SK032A516139;394;
SK032A516147;305;
SK032A516155;477;
SK032A516163;158;
SK032A516171;189;
SK032A516198;277;
SK032A516210;1670;
SK032A516228;357;
SK032A516236;1298;
SK032A516244;435;
SK032A516252;429;
SK032A516261;262;
SK032A516279;632;
SK032A516287;114;
SK032A516295;758;
SK032A516309;114;
SK032A516317;556;
SK032A516333;327;
SK032A516341;154;
SK032A516368;194;
SK032A516376;925;
SK032A516384;503;
SK032A516392;173;
SK032A516406;601;
SK032A516414;272;
SK032A516422;81;
SK032A516431;183;
SK032A516449;76;
SK032A516457;157;
SK032A516465;567;
SK032A516473;439;
SK032A516490;479;
SK032A516503;133;
SK032A516511;189;
SK032A516520;1775;
SK032A516538;320;
SK032A516546;646;
SK032A516554;411;
SK032A516562;150;
SK032A516571;1189;
SK032A558192;478;
SK032A558206;155;
SK032A558214;170;
SK032B518158;39844;
SK032B518166;530;
SK032B518174;158;
SK032B518191;372;
SK032B518204;1353;
SK032B518221;132;
SK032B518298;1855;
SK032B518361;378;
SK032B518476;244;
SK032B518506;1605;
SK032B518581;28;
SK032B518654;42;
SK032B518662;2486;
SK032B518671;317;
SK032B518689;2252;
SK032B518697;542;
SK032B518727;869;
SK032B518760;1407;
SK032B518808;4811;
SK032B518875;427;
SK032B518891;440;
SK032B518972;2783;
SK032B518981;539;
SK032B558087;280;
SK032B558133;1372;
SK032B581585;870;
SK032C516759;2019;
SK032C516805;669;
SK032C516813;568;
SK032C516830;1075;
SK032C516902;173;
SK032C517062;817;
SK032C517097;6904;
SK032C517119;545;
SK032C517127;126;
SK032C517232;523;
SK032C517291;1208;
SK032C517330;1020;
SK032C517348;416;
SK032C517356;622;
SK032C517381;5729;
SK032C517399;860;
SK032C580546;536;
SK032C581607;1012;
SK032D516589;17032;
SK032D516660;353;
SK032D516708;633;
SK032D516724;351;
SK032D516732;222;
SK032D516741;884;
SK032D516767;2670;
SK032D516791;536;
SK032D516821;421;
SK032D516848;479;
SK032D516872;945;
SK032D516881;545;
SK032D516937;393;
SK032D516945;463;
SK032D516961;258;
SK032D516970;4812;
SK032D516988;248;
SK032D516996;206;
SK032D517011;402;
SK032D517020;677;
SK032D517038;1588;
SK032D517046;199;
SK032D517089;391;
SK032D517135;597;
SK032D517186;691;
SK032D517194;546;
SK032D517216;265;
SK032D517241;372;
SK032D517259;537;
SK032D517267;1123;
SK032D517313;1248;
SK032D517364;1134;
SK032D581747;664;
SK032D599328;773;
SK032D599336;1391;
SK0321508438;74590;
SK0321508454;2093;
SK0321508471;233;
SK0321508519;462;
SK0321508543;497;
SK0321508551;265;
SK0321508560;288;
SK0321508586;403;
SK0321508594;835;
SK0321508616;520;
SK0321508632;686;
SK0321508641;388;
SK0321508659;1434;
SK0321508675;2138;
SK0321508713;491;
SK0321508721;719;
SK0321508748;1258;
SK0321508756;687;
SK0321508764;1382;
SK0321508781;434;
SK0321508799;229;
SK0321508802;109;
SK0321508837;178;
SK0321508861;909;
SK0321508896;123;
SK0321508918;1556;
SK0321508926;140;
SK0321508942;1024;
SK0321508969;856;
SK0321508977;363;
SK0321508985;2124;
SK0321509001;3242;
SK0321509019;564;
SK0321509027;747;
SK0321509035;224;
SK0321509060;667;
SK0321557269;159;
SK0321557277;391;
SK0321557285;1163;
SK0321557293;1275;
SK0321580236;658;
SK0321580244;1138;
SK0322516597;1273;
SK0322516601;153;
SK0322516627;1163;
SK0322516643;9426;
SK0322516651;464;
SK0322516678;143;
SK0322516716;190;
SK0322516856;358;
SK0322516953;169;
SK0322517071;162;
SK0322517143;339;
SK0322517160;87;
SK0322517178;634;
SK0322517283;816;
SK0322517372;127;
SK0323508446;906;
SK0323508462;1154;
SK0323508489;672;
SK0323508497;19866;
SK0323508527;4980;
SK0323508535;701;
SK0323508578;166;
SK0323508608;2425;
SK0323508624;566;
SK0323508667;1127;
SK0323508691;37;
SK0323508705;1145;
SK0323508730;227;
SK0323508772;1258;
SK0323508811;512;
SK0323508829;1709;
SK0323508845;356;
SK0323508853;3531;
SK0323508870;2115;
SK0323508888;1682;
SK0323508900;2888;
SK0323508934;1294;
SK0323508951;273;
SK0323508993;184;
SK0323509043;1334;
SK0323509051;1466;
SK0323509086;3382;
SK0323509094;425;
SK0323509124;2139;
SK0323557251;152;
SK0324511510;555;
SK0324511731;558;
SK0324518263;13704;
SK0324518271;688;
SK0324518379;950;
SK0324518450;181;
SK0324518468;7068;
SK0324518492;481;
SK0324518549;1738;
SK0324518794;534;
SK0324518816;310;
SK0324518824;1149;
SK0324518921;1523;
SK0324518930;334;
SK0324580520;938;
SK0325518212;1116;
SK0325518239;564;
SK0325518247;233;
SK0325518255;445;
SK0325518280;302;
SK0325518301;125;
SK0325518310;240;
SK0325518336;216;
SK0325518344;117;
SK0325518352;104;
SK0325518387;1369;
SK0325518409;767;
SK0325518417;1396;
SK0325518425;887;
SK0325518433;185;
SK0325518441;179;
SK0325518484;179;
SK0325518514;154;
SK0325518531;149;
SK0325518557;7520;
SK0325518565;87;
SK0325518573;250;
SK0325518603;219;
SK0325518611;759;
SK0325518646;213;
SK0325518701;266;
SK0325518735;1147;
SK0325518743;89;
SK0325518751;713;
SK0325518832;91;
SK0325518841;209;
SK0325518867;596;
SK0325518883;110;
SK0325518905;183;
SK0325518956;79;
SK0325518999;68;
SK0326511218;25364;
SK0326511226;213;
SK0326511234;620;
SK0326511251;629;
SK0326511277;201;
SK0326511293;461;
SK0326511323;1134;
SK0326511331;566;
SK0326511358;2012;
SK0326511366;593;
SK0326511374;267;
SK0326511391;9770;
SK0326511404;891;
SK0326511421;1645;
SK0326511439;668;
SK0326511463;323;
SK0326511480;198;
SK0326511528;366;
SK0326511536;77;
SK0326511544;231;
SK0326511552;1922;
SK0326511561;351;
SK0326511579;218;
SK0326511609;325;
SK0326511625;762;
SK0326511641;1140;
SK0326511668;375;
SK0326511676;187;
SK0326511692;742;
SK0326511706;249;
SK0326511714;194;
SK0326511722;187;
SK0326511749;523;
SK0326511757;128;
SK0326511773;73;
SK0326511781;190;
SK0326511790;1564;
SK0326511803;918;
SK0326511811;337;
SK0326511838;840;
SK0326511846;640;
SK0326511854;592;
SK0326511862;274;
SK0326511871;1403;
SK0326511897;470;
SK0326511901;393;
SK0326511919;1355;
SK0326511927;855;
SK0326511943;334;
SK0326511994;935;
SK0326512010;701;
SK0326557307;1690;
SK0326557315;1133;
SK0326557331;141;
SK0326557340;543;
SK0326558273;335;
SK0326580309;273;
SK0327511269;728;
SK0327511315;2025;
SK0327511340;446;
SK0327511447;229;
SK0327511471;2246;
SK0327511498;2732;
SK0327511501;49;
SK0327511595;1390;
SK0327511617;113;
SK0327511684;275;
SK0327511765;5187;
SK0327511820;246;
SK0327511889;77;
SK0327511978;519;
SK0327512001;415;
SK0327514900;942;
SK0327514918;829;
SK0327515515;112;
SK0327515591;419;
SK0327557323;73;
SK0327580317;858;
SK0327582051;455;
SK0328514675;569;
SK0328514721;910;
SK0328514756;998;
SK0328514896;58;
SK0328514977;189;
SK0328515159;240;
SK0328515256;325;
SK0328515302;72;
SK0328515311;98;
SK0328515361;112;
SK0328515370;633;
SK0328515400;295;
SK0328515507;155;
SK0328515523;217;
SK0328515574;79;
SK0328515612;6791;
SK0328515761;60;
SK0328515833;100;
SK0328525677;372;
SK0328525685;300;
SK0328525766;923;
SK0328525774;408;
SK0328525791;3177;
SK0328525812;833;
SK0328525901;796;
SK0328525928;1245;
SK0328525944;443;
SK0328525987;1200;
SK0328525995;933;
SK0328526002;171;
SK0328526011;197;
SK0328526029;223;
SK0328526037;262;
SK0328526100;70;
SK0328526118;395;
SK0328526142;11109;
SK0328526151;315;
SK0328526258;1327;
SK0328526304;350;
SK0328526321;283;
SK0328557820;213;
SK0328580384;547;
SK0329514462;21527;
SK0329514489;65;
SK0329514501;591;
SK0329514519;846;
SK0329514535;183;
SK0329514543;781;
SK0329514551;204;
SK0329514586;63;
SK0329514594;365;
SK0329514608;540;
SK0329514616;129;
SK0329514624;700;
SK0329514632;183;
SK0329514641;258;
SK0329514659;202;
SK0329514667;211;
SK0329514683;156;
SK0329514691;497;
SK0329514713;430;
SK0329514730;94;
SK0329514764;416;
SK0329514781;708;
SK0329514799;466;
SK0329514811;1141;
SK0329514829;6616;
SK0329514837;1536;
SK0329514845;165;
SK0329514853;110;
SK0329514861;1035;
SK0329514870;224;
SK0329514888;777;
SK0329514926;164;
SK0329514934;116;
SK0329514942;551;
SK0329514951;711;
SK0329514969;460;
SK0329514985;247;
SK0329514993;306;
SK0329515001;2354;
SK0329515019;151;
SK0329515027;821;
SK0329515035;280;
SK0329515043;2971;
SK0329515051;202;
SK0329515060;332;
SK0329515078;931;
SK0329515086;127;
SK0329515094;19;
SK0329515108;352;
SK0329515116;66;
SK0329515124;258;
SK0329515132;554;
SK0329515141;198;
SK0329515167;92;
SK0329515175;193;
SK0329515183;209;
SK0329515205;297;
SK0329515230;503;
SK0329515248;159;
SK0329515264;1593;
SK0329515272;148;
SK0329515281;424;
SK0329515299;204;
SK0329515337;21;
SK0329515345;21;
SK0329515353;1029;
SK0329515388;39;
SK0329515396;41;
SK0329515426;524;
SK0329515442;2190;
SK0329515451;501;
SK0329515469;1415;
SK0329515485;110;
SK0329515493;364;
SK0329515531;252;
SK0329515540;305;
SK0329515566;344;
SK0329515582;288;
SK0329515604;670;
SK0329515621;522;
SK0329515639;960;
SK0329515647;74;
SK0329515655;375;
SK0329515663;541;
SK0329515671;296;
SK0329515680;3664;
SK0329515698;213;
SK0329515701;823;
SK0329515710;805;
SK0329515728;221;
SK0329515736;863;
SK0329515744;1127;
SK0329515752;176;
SK0329515779;390;
SK0329515795;321;
SK0329515809;139;
SK0329515817;134;
SK0329515841;292;
SK0329557757;643;
SK0329557765;218;
SK0329557790;191;
SK0329557811;347;
SK0329557854;330;
SK0329557889;90;
SK0329557901;253;
SK0329557919;262;
SK0329557927;385;
SK041A526665;15707;
SK041A526673;1375;
SK041A526681;224;
SK041A526690;451;
SK041A526703;71;
SK041A526711;649;
SK041A526720;1404;
SK041A526738;189;
SK041A526746;512;
SK041A526754;982;
SK041A526762;2879;
SK041A526771;902;
SK041A526789;1342;
SK041A526797;1261;
SK041A526801;98;
SK041A526819;733;
SK041A526827;159;
SK041A526835;94;
SK041A526843;485;
SK041A526851;629;
SK041A526860;3450;
SK041A526878;1311;
SK041A526886;457;
SK041A526894;62;
SK041A526908;604;
SK041A526916;621;
SK041A526924;3015;
SK041A526932;29;
SK041A526941;596;
SK041A526959;1769;
SK041A526967;1643;
SK041A526975;3052;
SK041A526983;213;
SK041A526991;80;
SK041A527009;51;
SK041A527017;179;
SK041A527025;296;
SK041A527033;380;
SK041A527041;1548;
SK041A527050;371;
SK041A527068;497;
SK041A527076;905;
SK041A527084;263;
SK041A527092;1418;
SK041B527114;192;
SK041B527157;845;
SK041B527165;125;
SK041B527173;294;
SK041B527181;549;
SK041B527190;16;
SK041B527203;233;
SK041B527262;513;
SK041B527289;187;
SK041B527297;410;
SK041B527335;632;
SK041B527343;36;
SK041B527386;183;
SK041B527408;62;
SK041B527416;49;
SK041B527467;30;
SK041B527475;236;
SK041B527513;226;
SK041B527521;144;
SK041B527530;109;
SK041B527572;136;
SK041B527581;342;
SK041B527611;81;
SK041B527637;425;
SK041B527700;178;
SK041B527718;70;
SK041B527726;85;
SK041B527793;200;
SK041B527815;34;
SK041B527823;246;
SK041B527840;9883;
SK041B527866;316;
SK041B527912;484;
SK041B527921;99;
SK041B527939;349;
SK041B527971;141;
SK041B527980;235;
SK041B527998;194;
SK041B528005;62;
SK041B528013;100;
SK041B528021;135;
SK041B528048;627;
SK041B560073;195;
SK041C519197;3991;
SK041C519316;512;
SK041C519332;87;
SK041C519391;1232;
SK041C519448;730;
SK041C519537;518;
SK041C519561;258;
SK041C519596;123;
SK041C519987;456;
SK041C519995;316;
SK041C527106;9909;
SK041C527122;28;
SK041C527131;189;
SK041C527149;56;
SK041C527211;578;
SK041C527220;74;
SK041C527238;88;
SK041C527246;48;
SK041C527254;208;
SK041C527271;145;
SK041C527301;14;
SK041C527319;328;
SK041C527327;316;
SK041C527351;80;
SK041C527360;457;
SK041C527378;256;
SK041C527394;74;
SK041C527424;490;
SK041C527432;222;
SK041C527441;33;
SK041C527459;76;
SK041C527483;730;
SK041C527491;376;
SK041C527505;1047;
SK041C527548;118;
SK041C527556;44;
SK041C527564;444;
SK041C527599;52;
SK041C527602;212;
SK041C527629;103;
SK041C527645;77;
SK041C527653;183;
SK041C527661;266;
SK041C527670;313;
SK041C527688;67;
SK041C527696;566;
SK041C527734;11;
SK041C527742;59;
SK041C527751;417;
SK041C527769;134;
SK041C527777;461;
SK041C527785;440;
SK041C527807;141;
SK041C527831;559;
SK041C527858;133;
SK041C527874;20;
SK041C527882;251;
SK041C527891;83;
SK041C527904;104;
SK041C527947;110;
SK041C527955;197;
SK041C527963;37;
SK041C528030;188;
SK041C528056;75;
SK041C528064;69;
SK041C528072;586;
SK041C528081;387;
SK041C580601;298;
SK041D528731;418;
SK041D528749;213;
SK041D528757;502;
SK041D528765;287;
SK041D528773;1616;
SK041D528781;531;
SK041D528790;515;
SK041D528811;542;
SK041D528820;486;
SK041D528838;440;
SK041D528846;682;
SK041D528854;295;
SK041D528862;307;
SK041D528871;592;
SK041D528889;276;
SK041D528901;1587;
SK041D528919;1499;
SK041D528927;392;
SK041D528935;357;
SK041D528943;792;
SK041D528960;804;
SK041D528978;134;
SK041D528986;450;
SK041D528994;113;
SK041D529001;975;
SK041D529028;209;
SK041D529036;218;
SK041D529044;164;
SK041D529052;267;
SK041D529079;716;
SK041D529109;88;
SK041D529117;195;
SK041D529125;2548;
SK041D529133;2647;
SK041D529141;1510;
SK041D529150;778;
SK041D529168;722;
SK041D529176;2604;
SK041D529184;99;
SK041D529192;996;
SK041D529206;107;
SK041D529214;59;
SK041D529222;2944;
SK041D529231;215;
SK041D529257;1159;
SK041D529265;3352;
SK041D529281;74;
SK041D529290;810;
SK041D544051;20702;
SK041D544060;235;
SK041D544078;1955;
SK041D544086;554;
SK041D544094;2772;
SK041D544108;363;
SK041D544116;2702;
SK041D544124;1331;
SK041D544132;724;
SK041D544141;425;
SK041D544159;770;
SK041D544167;52;
SK041D544175;1359;
SK041D544183;253;
SK041D544191;134;
SK041D544205;54;
SK041D544213;3735;
SK041D544221;666;
SK041D544230;1905;
SK041D581674;1297;
SK0411518964;376;
SK0411519006;30267;
SK0411519014;332;
SK0411519022;349;
SK0411519049;749;
SK0411519057;276;
SK0411519065;776;
SK0411519073;101;
SK0411519081;347;
SK0411519090;102;
SK0411519103;197;
SK0411519111;603;
SK0411519138;328;
SK0411519154;333;
SK0411519162;729;
SK0411519171;521;
SK0411519189;1039;
SK0411519201;442;
SK0411519219;257;
SK0411519227;1049;
SK0411519235;1020;
SK0411519243;520;
SK0411519251;491;
SK0411519260;656;
SK0411519278;97;
SK0411519286;365;
SK0411519294;467;
SK0411519308;83;
SK0411519324;1075;
SK0411519341;868;
SK0411519359;268;
SK0411519367;451;
SK0411519375;656;
SK0411519383;97;
SK0411519405;209;
SK0411519413;62;
SK0411519421;975;
SK0411519430;327;
SK0411519456;1104;
SK0411519464;710;
SK0411519472;585;
SK0411519481;1200;
SK0411519499;81;
SK0411519502;68;
SK0411519511;38;
SK0411519529;306;
SK0411519545;377;
SK0411519553;645;
SK0411519570;1602;
SK0411519588;962;
SK0411519600;131;
SK0411519618;761;
SK0411519626;269;
SK0411519634;225;
SK0411519642;271;
SK0411519669;556;
SK0411519677;158;
SK0411519685;13;
SK0411519693;214;
SK0411519707;1017;
SK0411519715;973;
SK0411519723;380;
SK0411519731;220;
SK0411519740;53;
SK0411519758;303;
SK0411519766;1011;
SK0411519774;568;
SK0411519782;671;
SK0411519791;651;
SK0411519804;199;
SK0411519812;314;
SK0411519821;537;
SK0411519839;641;
SK0411519847;297;
SK0411519855;161;
SK0411519863;629;
SK0411519871;404;
SK0411519880;297;
SK0411519901;251;
SK0411519910;114;
SK0411519928;398;
SK0411519936;2762;
SK0411519944;155;
SK0411519952;124;
SK0411519961;3588;
SK0411519979;765;
SK0412520004;30450;
SK0412520012;236;
SK0412520021;394;
SK0412520055;1316;
SK0412520063;580;
SK0412520110;151;
SK0412520152;158;
SK0412520195;504;
SK0412520225;500;
SK0412520233;471;
SK0412520241;384;
SK0412520250;296;
SK0412520268;580;
SK0412520276;374;
SK0412520292;267;
SK0412520331;2285;
SK0412520349;539;
SK0412520357;461;
SK0412520373;722;
SK0412520403;534;
SK0412520446;425;
SK0412520454;818;
SK0412520462;459;
SK0412520497;963;
SK0412520501;589;
SK0412520527;85;
SK0412520535;137;
SK0412520543;322;
SK0412520560;608;
SK0412520624;871;
SK0412520667;264;
SK0412520683;634;
SK0412520721;468;
SK0412520772;576;
SK0412520781;118;
SK0412520896;801;
SK0412520900;300;
SK0412520926;1233;
SK0412520977;356;
SK0412520985;309;
SK0412521019;56;
SK0412521027;182;
SK0412521035;471;
SK0412521043;538;
SK0412521086;783;
SK0412521116;343;
SK0412528803;583;
SK0412528897;293;
SK0412528951;439;
SK0412529010;35;
SK0412529061;40;
SK0412529087;99;
SK0412529095;207;
SK0412529249;330;
SK0412529273;69;
SK0412559547;1182;
SK0412559598;679;
SK0412559636;104;
SK0412559644;134;
SK0412559652;56;
SK0412582140;870;
SK0413523399;262;
SK0413523411;293;
SK0413523429;218;
SK0413523461;40;
SK0413523470;933;
SK0413523500;92;
SK0413523526;3124;
SK0413523534;1565;
SK0413523569;74;
SK0413523577;1441;
SK0413523585;15304;
SK0413523607;2357;
SK0413523615;258;
SK0413523623;5517;
SK0413523674;121;
SK0413523682;4497;
SK0413523712;826;
SK0413523739;711;
SK0413523771;280;
SK0413523780;2869;
SK0413523798;3343;
SK0413523801;337;
SK0413523810;1852;
SK0413523828;6668;
SK0413523836;2197;
SK0413523861;782;
SK0413523887;977;
SK0413523909;2406;
SK0413523976;2043;
SK0413523984;775;
SK0413523992;333;
SK0413524000;5301;
SK0413524042;913;
SK0413524051;485;
SK0413524069;309;
SK0413524077;1518;
SK0413524085;1378;
SK0413524115;82;
SK0413524123;865;
SK0413559938;191;
SK0413581241;1205;
SK0414526371;169;
SK0414526380;179;
SK0414526401;964;
SK0414526410;145;
SK0414526428;272;
SK0414526452;612;
SK0414526461;838;
SK0414526479;885;
SK0414526487;836;
SK0414526495;336;
SK0414526517;641;
SK0414526525;61;
SK0414526606;86;
SK0414526614;266;
SK0414543179;983;
SK0414543225;649;
SK0414543276;376;
SK0414543292;14015;
SK0414543314;117;
SK0414543381;451;
SK0414543390;151;
SK0414543420;252;
SK0414543446;165;
SK0414543454;42;
SK0414543462;164;
SK0414543471;133;
SK0414543578;3785;
SK0414543608;1851;
SK0414543624;2599;
SK0414543641;500;
SK0414543675;324;
SK0414543691;240;
SK0414581640;99;
SK0415520071;125;
SK0415520098;322;
SK0415520101;301;
SK0415520128;310;
SK0415520187;468;
SK0415520314;253;
SK0415520411;449;
SK0415520471;5806;
SK0415520519;370;
SK0415520578;246;
SK0415520586;18;
SK0415520616;179;
SK0415520691;519;
SK0415520705;104;
SK0415520713;140;
SK0415520853;150;
SK0415520861;84;
SK0415520951;38;
SK0415520993;263;
SK0415521001;188;
SK0415521060;159;
SK0415521078;120;
SK0415559610;161;
SK0416523381;49091;
SK0416523402;2541;
SK0416523437;1405;
SK0416523445;866;
SK0416523488;2131;
SK0416523496;777;
SK0416523518;3226;
SK0416523542;1704;
SK0416523593;891;
SK0416523631;2396;
SK0416523658;943;
SK0416523721;668;
SK0416523747;712;
SK0416523763;1652;
SK0416523844;2271;
SK0416523852;2470;
SK0416523879;2749;
SK0416523925;7714;
SK0416523933;3364;
SK0416523950;1643;
SK0416524018;1498;
SK0416524026;564;
SK0416524034;1839;
SK0416524093;1321;
SK0416524107;1950;
SK0416524131;1367;
SK0416559890;523;
SK0416560103;3838;
SK0416580368;175;
SK0417518522;735;
SK0417518590;3830;
SK0417524140;82927;
SK0417524158;721;
SK0417524174;416;
SK0417524191;523;
SK0417524212;456;
SK0417524221;452;
SK0417524255;203;
SK0417524263;787;
SK0417524271;370;
SK0417524301;1076;
SK0417524336;1080;
SK0417524352;2240;
SK0417524361;819;
SK0417524387;1782;
SK0417524395;2358;
SK0417524409;1128;
SK0417524417;404;
SK0417524425;109;
SK0417524433;914;
SK0417524450;272;
SK0417524468;1679;
SK0417524476;708;
SK0417524506;1081;
SK0417524514;439;
SK0417524522;1280;
SK0417524531;2977;
SK0417524549;1037;
SK0417524581;321;
SK0417524590;414;
SK0417524620;2169;
SK0417524638;2032;
SK0417524646;221;
SK0417524654;1172;
SK0417524662;926;
SK0417524697;350;
SK0417524701;289;
SK0417524727;833;
SK0417524735;171;
SK0417524743;2026;
SK0417524751;432;
SK0417524760;960;
SK0417524786;507;
SK0417524794;519;
SK0417524808;159;
SK0417524832;1095;
SK0417524841;1855;
SK0417524867;300;
SK0417524883;1401;
SK0417524905;189;
SK0417524913;482;
SK0417524930;520;
SK0417524964;60;
SK0417524999;667;
SK0417525014;2005;
SK0417525022;879;
SK0417525031;428;
SK0417525057;416;
SK0417525065;541;
SK0417525073;771;
SK0417525111;1074;
SK0417525138;1374;
SK0417525154;965;
SK0417525162;171;
SK0417525171;2492;
SK0417525189;690;
SK0417525197;376;
SK0417525201;976;
SK0417525251;554;
SK0417525260;2442;
SK0417525278;200;
SK0417525286;1082;
SK0417525294;1319;
SK0417525324;297;
SK0417525332;548;
SK0417525341;1312;
SK0417525383;1541;
SK0417525391;324;
SK0417525405;6759;
SK0417525413;1999;
SK0417525430;1346;
SK0417525448;1191;
SK0417525456;1132;
SK0417525472;443;
SK0417525499;1322;
SK0417525502;297;
SK0417525511;1966;
SK0417556823;1037;
SK0417559971;561;
SK0417559989;208;
SK0418524182;267;
SK0418524204;377;
SK0418524239;1677;
SK0418524247;402;
SK0418524280;514;
SK0418524298;937;
SK0418524310;734;
SK0418524328;91;
SK0418524344;767;
SK0418524379;1443;
SK0418524441;128;
SK0418524492;519;
SK0418524557;340;
SK0418524565;389;
SK0418524573;960;
SK0418524603;7711;
SK0418524611;1798;
SK0418524671;631;
SK0418524689;1241;
SK0418524778;6449;
SK0418524816;675;
SK0418524824;487;
SK0418524875;654;
SK0418524921;870;
SK0418524948;611;
SK0418524956;378;
SK0418524981;2417;
SK0418525006;2852;
SK0418525049;952;
SK0418525081;146;
SK0418525090;1649;
SK0418525103;175;
SK0418525120;1337;
SK0418525146;12206;
SK0418525219;1226;
SK0418525235;2736;
SK0418525243;618;
SK0418525308;330;
SK0418525316;1599;
SK0418525359;534;
SK0418525367;473;
SK0418525375;658;
SK0418525421;119;
SK0419520039;3334;
SK0419520080;37;
SK0419520136;167;
SK0419520161;1869;
SK0419520179;208;
SK0419520209;238;
SK0419520217;48;
SK0419520284;63;
SK0419520322;515;
SK0419520365;503;
SK0419520381;64;
SK0419520390;523;
SK0419520438;256;
SK0419520489;81;
SK0419520551;243;
SK0419520594;136;
SK0419520632;31;
SK0419520641;549;
SK0419520659;555;
SK0419520675;40;
SK0419520730;74;
SK0419520748;77;
SK0419520764;119;
SK0419520802;18208;
SK0419520811;282;
SK0419520829;2352;
SK0419520845;126;
SK0419520870;82;
SK0419520888;161;
SK0419520918;779;
SK0419520934;812;
SK0419520942;239;
SK0419521051;257;
SK0419521108;1266;
SK042A526355;34855;
SK042A526363;842;
SK042A526398;759;
SK042A526436;3917;
SK042A526444;563;
SK042A526533;1841;
SK042A526568;261;
SK042A526576;561;
SK042A526584;408;
SK042A526592;2609;
SK042A526657;2679;
SK042A543152;912;
SK042A543161;1019;
SK042A543195;1189;
SK042A543209;391;
SK042A543250;584;
SK042A543268;8646;
SK042A543284;2288;
SK042A543306;385;
SK042A543331;4706;
SK042A543349;542;
SK042A543357;497;
SK042A543403;999;
SK042A543411;1027;
SK042A543438;185;
SK042A543489;1007;
SK042A543519;4901;
SK042A543527;304;
SK042A543535;1786;
SK042A543586;2171;
SK042A543594;3326;
SK042A543616;1317;
SK042A543667;1132;
SK042A543713;647;
SK042A543721;404;
SK042A560154;8823;
SK042B513792;350;
SK042B513806;454;
SK042B513831;188;
SK042B513849;410;
SK042B528099;22890;
SK042B528102;593;
SK042B528111;741;
SK042B528129;277;
SK042B528145;1352;
SK042B528153;511;
SK042B528161;727;
SK042B528170;1146;
SK042B528188;1213;
SK042B528200;577;
SK042B528218;640;
SK042B528226;140;
SK042B528234;1154;
SK042B528242;550;
SK042B528251;754;
SK042B528269;184;
SK042B528285;440;
SK042B528293;3441;
SK042B528315;610;
SK042B528323;481;
SK042B528340;657;
SK042B528358;461;
SK042B528366;1569;
SK042B528374;1119;
SK042B528382;430;
SK042B528412;285;
SK042B528421;828;
SK042B528439;170;
SK042B528447;7431;
SK042B528455;378;
SK042B528471;1718;
SK042B528480;402;
SK042B528498;313;
SK042B528501;1260;
SK042B528510;1897;
SK042B528528;296;
SK042B528536;528;
SK042B528544;1115;
SK042B528552;1078;
SK042B528561;428;
SK042B528587;1744;
SK042B528609;1454;
SK042B528617;1038;
SK042B528625;692;
SK042B528641;734;
SK042B528650;786;
SK042B528668;479;
SK042B528676;1953;
SK042B528684;943;
SK042B528706;489;
SK042B528722;8524;
SK042B543730;550;
SK042B543748;757;
SK042B543756;1069;
SK042B543764;236;
SK042B543772;1389;
SK042B543781;141;
SK042B543799;576;
SK042B543802;2253;
SK042B543811;209;
SK042B543829;173;
SK042B543845;822;
SK042B543861;741;
SK042B543896;1536;
SK042B543900;992;
SK042B543918;723;
SK042B543926;462;
SK042B543934;245;
SK042B543951;2230;
SK042B543969;533;
SK042B543977;736;
SK042B543985;382;
SK042B543993;360;
SK042B544001;924;
SK042B544019;1835;
SK042B544027;1101;
SK042B544035;635;
SK042B544043;505;
SK0421526509;5851;
SK0421526541;1377;
SK0421526550;102;
SK0421526631;611;
SK0421526649;697;
SK0421543144;279;
SK0421543187;1839;
SK0421543233;1519;
SK0421543241;689;
SK0421543322;1867;
SK0421543365;1812;
SK0421543373;3763;
SK0421543497;3230;
SK0421543501;3354;
SK0421543551;479;
SK0421543560;956;
SK0421543632;187;
SK0421543659;2087;
SK0421543683;144;
SK0421543705;864;
SK0422598119;1361;
SK0422598127;2187;
SK0422598151;18690;
SK0422598186;20066;
SK0422599875;20339;
SK0422599891;765;
SK0423598194;1097;
SK0423598208;2143;
SK0423598216;2671;
SK0423598224;36984;
SK0423599841;5690;
SK0423599859;1186;
SK0423599883;21839;
SK0423599972;7129;
SK0424598682;24673;
SK0424599018;3050;
SK0425599093;3710;
SK0425599786;775;
SK0425599794;6107;
SK0425599816;22112;
SK0425599824;20904;
SK0425599913;2734;
SK0426518107;209;
SK0426518115;215;
SK0426518123;239;
SK0426518140;609;
SK0426521141;601;
SK0426521159;750;
SK0426521167;439;
SK0426521175;818;
SK0426521183;1655;
SK0426521191;643;
SK0426521205;1154;
SK0426521213;1007;
SK0426521221;1362;
SK0426521248;849;
SK0426521256;84;
SK0426521264;1184;
SK0426521272;841;
SK0426521281;725;
SK0426521299;6016;
SK0426521302;2121;
SK0426521311;401;
SK0426521329;411;
SK0426521337;2411;
SK0426521345;2790;
SK0426521353;757;
SK0426521361;1981;
SK0426521370;1862;
SK0426521388;673;
SK0426521396;190;
SK0426521400;1535;
SK0426521418;272;
SK0426521426;363;
SK0426521442;407;
SK0426521469;542;
SK0426521477;667;
SK0426521485;610;
SK0426521493;3630;
SK0426521507;725;
SK0426521523;3929;
SK0426521540;102;
SK0426521558;1280;
SK0426521566;400;
SK0426521574;987;
SK0426521582;1050;
SK0426521591;1340;
SK0426521604;301;
SK0426521612;1165;
SK0426521639;1436;
SK0426521655;1879;
SK0426521663;220;
SK0426521671;4099;
SK0426521680;1452;
SK0426521698;10266;
SK0426521701;62;
SK0426521728;660;
SK0426521736;1581;
SK0426521744;280;
SK0426521752;927;
SK0426521761;458;
SK0426521779;307;
SK0426521787;744;
SK0426521795;523;
SK0426521809;242;
SK0426521817;485;
SK0426521825;680;
SK0426521833;105;
SK0426521841;203;
SK0426521850;602;
SK0426521868;382;
SK0426521876;1564;
SK0426521884;971;
SK0426521892;2657;
SK0426521906;357;
SK0426521914;1025;
SK0426521922;355;
SK0426521931;2627;
SK0426521949;625;
SK0426521957;1690;
SK0426521965;1943;
SK0426521973;2218;
SK0426521981;1133;
SK0426522007;1484;
SK0426522015;243;
SK0426522023;456;
SK0426522031;1290;
SK0426522040;993;
SK0426522066;971;
SK0426522074;756;
SK0426522082;210;
SK0426522091;311;
SK0426522104;1492;
SK0426522121;930;
SK0426522139;4497;
SK0426522147;4064;
SK0426522155;318;
SK0426522163;1269;
SK0426522171;529;
SK0426522180;370;
SK0426522198;990;
SK0426522201;321;
SK0426522210;471;
SK0426522244;393;
SK0426522252;450;
SK0426522261;1372;
SK0426559687;1143;
SK0426559784;3689;
SK0426559831;243;
SK0426559865;1353;
SK0426559873;533;
SK0426559881;150;
SK0426580252;386;
SK0426582093;534;
SK0426582514;1229;
SK0426599310;100;
SK0427513857;226;
SK0427522279;35874;
SK0427522287;447;
SK0427522295;707;
SK0427522368;948;
SK0427522376;1507;
SK0427522392;390;
SK0427522406;663;
SK0427522414;665;
SK0427522431;728;
SK0427522449;476;
SK0427522465;243;
SK0427522481;873;
SK0427522511;882;
SK0427522546;295;
SK0427522562;847;
SK0427522571;524;
SK0427522589;461;
SK0427522597;439;
SK0427522635;516;
SK0427522651;626;
SK0427522686;368;
SK0427522694;1236;
SK0427522708;747;
SK0427522724;435;
SK0427522732;855;
SK0427522741;588;
SK0427522759;1473;
SK0427522767;222;
SK0427522783;1055;
SK0427522791;1009;
SK0427522805;1822;
SK0427522848;492;
SK0427522864;871;
SK0427522872;4643;
SK0427522881;201;
SK0427522902;1099;
SK0427522945;590;
SK0427522961;1310;
SK0427522988;356;
SK0427522996;1012;
SK0427523054;732;
SK0427523062;722;
SK0427523071;772;
SK0427523097;761;
SK0427523101;4212;
SK0427523119;690;
SK0427523127;157;
SK0427523135;422;
SK0427523151;625;
SK0427523186;2126;
SK0427523194;623;
SK0427523208;658;
SK0427523216;514;
SK0427523241;1155;
SK0427523259;2127;
SK0427523275;268;
SK0427523283;1250;
SK0427523291;761;
SK0427523348;433;
SK0427523356;527;
SK0427523364;1005;
SK0427523372;988;
SK0427528137;359;
SK0427528277;914;
SK0427528307;323;
SK0427528331;1654;
SK0427528391;90;
SK0427528404;947;
SK0427528463;941;
SK0427528579;693;
SK0427528633;669;
SK0427528692;456;
SK0427528714;601;
SK0427543853;8575;
SK0427543870;299;
SK0427543888;592;
SK0427543942;929;
SK0428514578;400;
SK0428514748;580;
SK0428525529;17122;
SK0428525537;154;
SK0428525545;920;
SK0428525553;268;
SK0428525561;625;
SK0428525570;67;
SK0428525596;582;
SK0428525600;475;
SK0428525618;224;
SK0428525626;518;
SK0428525634;5143;
SK0428525642;696;
SK0428525651;1274;
SK0428525669;1908;
SK0428525693;221;
SK0428525707;306;
SK0428525715;85;
SK0428525723;400;
SK0428525731;326;
SK0428525740;1022;
SK0428525758;338;
SK0428525782;748;
SK0428525821;317;
SK0428525839;496;
SK0428525847;221;
SK0428525855;57;
SK0428525863;695;
SK0428525871;2830;
SK0428525898;714;
SK0428525910;514;
SK0428525936;174;
SK0428525952;143;
SK0428525961;170;
SK0428526045;1229;
SK0428526053;542;
SK0428526061;524;
SK0428526070;344;
SK0428526088;103;
SK0428526096;2197;
SK0428526126;590;
SK0428526134;731;
SK0428526177;361;
SK0428526185;656;
SK0428526193;214;
SK0428526207;567;
SK0428526215;694;
SK0428526223;528;
SK0428526231;138;
SK0428526240;180;
SK0428526266;463;
SK0428526274;130;
SK0428526282;1822;
SK0428526291;118;
SK0428526312;1477;
SK0428526339;773;
SK0428526347;421;
SK0428560022;1356;
SK0428560031;564;
SK0428560049;782;
SK0428560065;458;
SK0429522309;221;
SK0429522317;177;
SK0429522325;973;
SK0429522333;174;
SK0429522341;629;
SK0429522350;220;
SK0429522384;383;
SK0429522422;308;
SK0429522457;360;
SK0429522473;335;
SK0429522490;174;
SK0429522503;494;
SK0429522520;190;
SK0429522538;279;
SK0429522554;420;
SK0429522601;204;
SK0429522627;326;
SK0429522643;408;
SK0429522660;436;
SK0429522678;335;
SK0429522716;848;
SK0429522813;423;
SK0429522821;310;
SK0429522830;241;
SK0429522856;316;
SK0429522899;209;
SK0429522911;184;
SK0429522929;326;
SK0429522937;197;
SK0429522953;418;
SK0429522970;277;
SK0429523003;554;
SK0429523011;106;
SK0429523020;241;
SK0429523038;286;
SK0429523046;183;
SK0429523089;5869;
SK0429523143;100;
SK0429523160;207;
SK0429523178;554;
SK0429523224;1077;
SK0429523232;493;
SK0429523267;239;
SK0429523305;402;
SK0429523313;239;
SK0429523321;393;
SK0429523330;642;
;;
;;
;;
;;
;;
;;
